QUESTION	CORRECT	CHOICE	CHOICE	CHOICE	CHOICE	CHOICE
В каком языке выделяют гегский диалект?	1	Албанский язык	Бурушаски	Сирийский язык (†)	Кильдинский саамский язык	Латинский язык (латынь) (†)
В каком языке выделяют тоскский диалект?	1	Албанский язык	Болгарский язык	Бурушаски	Бурятский язык	Санскрит (†)
К какой языковой семье относится нивхский язык?	1	Ни к какой, это язык-изолят	Чадская семья	Корейская семья	Енисейская семья	Эскимосско-алеутская семья
К какой ветви относится нивхский язык?	1	Ни к какой, это язык-изолят	Германская ветвь	Алеутская ветвь	Тохарская ветвь	Аваро-андийская ветвь
К какой группе языков относится нивхский язык?	1	Ни к какой, это язык-изолят	Мордовская группа	Северогерманская (скандинавская) группа	Западногерманская группа	Восточногерманская группа
К какой языковой семье относится айнский язык?	1	Ни к какой, это язык-изолят	Енисейская семья	Берберо-канарская семья	Дравидийская семья	Абхазо-адыгская семья
К какой ветви относится айнский язык?	1	Ни к какой, это язык-изолят	Аваро-андийская ветвь	Италийская ветвь	Лезгинская ветвь	Кельтская ветвь
К какой группе языков относится айнский язык?	1	Ни к какой, это язык-изолят	Северогерманская (скандинавская) группа	Западногерманская группа	Восточногерманская группа	Южногерманская группа
К какой языковой семье относится бурушаски?	1	Ни к какой, это язык-изолят	Семитская семья	Японо-рюкюская семья	Индоевропейская семья	Омотская семья
К какой ветви относится бурушаски?	1	Ни к какой, это язык-изолят	Финно-угорская ветвь	Даргинская ветвь	Индоиранская ветвь	Кельтская ветвь
К какой группе языков относится бурушаски?	1	Ни к какой, это язык-изолят	Саамская группа	Оскско-умбрская группа	Пермская группа	Балтийская группа
К какой языковой семье относится баскский язык?	1	Ни к какой, это язык-изолят	Японо-рюкюская семья	Уральская семья	Дравидийская семья	Египетская семья
К какой ветви относится баскский язык?	1	Ни к какой, это язык-изолят	Даргинская ветвь	Балтославянская ветвь	Аваро-андийская ветвь	Кельтская ветвь
К какой группе языков относится баскский язык?	1	Ни к какой, это язык-изолят	Славянская группа	Прибалтийско-финская группа	Латино-фалискская группа	Балтийская группа
К какой языковой семье относится албанский язык?	1	Индоевропейская семья	Нахско-дагестанская семья	Чукотско-камчатская семья	Енисейская семья	Монгольская семья
К какой языковой семье относится осетинский язык?	1	Индоевропейская семья	Японо-рюкюская семья	Египетская семья	Нахско-дагестанская семья	Корейская семья
К какой ветви относится осетинский язык?	1	Индоиранская ветвь	Лезгинская ветвь	Эскимосская ветвь	Балтославянская ветвь	Греческая ветвь
К какой группе языков относится осетинский язык?	1	Иранская группа	Прибалтийско-финская группа	Латино-фалискская группа	Пермская группа	Хеттская группа
К какой языковой семье относится персидский язык (фарси)?	1	Индоевропейская семья	Сино-тибетская семья	Монгольская семья	Дравидийская семья	Кушитская семья
К какой ветви относится персидский язык (фарси)?	1	Индоиранская ветвь	Персидская ветвь	Нахская ветвь	Тохарская ветвь	Цезская ветвь
К какой группе языков относится персидский язык (фарси)?	1	Иранская группа	Персидская группа	Индоарийская группа	Пермская группа	Прибалтийско-финская группа
К какой языковой семье относится таджикский язык?	1	Индоевропейская семья	Ни к какой, это язык-изолят	Тюркская семья	Уральская семья	Корейская семья
К какой ветви относится таджикский язык?	1	Индоиранская ветвь	Кельтская ветвь	Греческая ветвь	Германская ветвь	Армянская ветвь
К какой группе языков относится таджикский язык?	1	Иранская группа	Угорская группа	Хеттская группа	Прибалтийско-финская группа	Северогерманская (скандинавская) группа
К какой языковой семье относится татский язык?	1	Индоевропейская семья	Эскимосско-алеутская семья	Кушитская семья	Чадская семья	Японо-рюкюская семья
К какой ветви относится татский язык?	1	Индоиранская ветвь	Финно-угорская ветвь	Балтославянская ветвь	Кельтская ветвь	Аваро-андийская ветвь
К какой группе языков относится татский язык?	1	Иранская группа	Латино-фалискская группа	Восточногерманская группа	Западногерманская группа	Южногерманская группа
К какой языковой семье относится цыганский язык?	1	Индоевропейская семья	Монгольская семья	Юкагирская семья	Эскимосско-алеутская семья	Чукотско-камчатская семья
К какой ветви относится цыганский язык?	1	Индоиранская ветвь	Финно-угорская ветвь	Нахская ветвь	Балтославянская ветвь	Лезгинская ветвь
К какой группе языков относится цыганский язык?	1	Индоарийская группа	Славянская группа	Западногерманская группа	Восточногерманская группа	Южногерманская группа
К какой языковой семье относятся хинди и урду?	1	Индоевропейская семья	Енисейская семья	Нахско-дагестанская семья	Омотская семья	Эскимосско-алеутская семья
К какой ветви относятся хинди и урду?	1	Индоиранская ветвь	Италийская ветвь	Финно-угорская ветвь	Греческая ветвь	Аваро-андийская ветвь
К какой группе языков относятся хинди и урду?	1	Индоарийская группа	Мордовская группа	Пермская группа	Нуристанская группа	Оскско-умбрская группа
К какой языковой семье относится санскрит (†)?	1	Индоевропейская семья	Семитская семья	Тюркская семья	Японо-рюкюская семья	Дравидийская семья
К какой ветви относится санскрит (†)?	1	Индоиранская ветвь	Армянская ветвь	Аваро-андийская ветвь	Чукотско-корякская ветвь	Финно-угорская ветвь
К какой группе языков относится санскрит (†)?	1	Индоарийская группа	Северогерманская (скандинавская) группа	Западногерманская группа	Восточногерманская группа	Южногерманская группа
К какой языковой семье относится армянский язык?	1	Индоевропейская семья	Армянско-юкагирская семьясемья	Тунгусо-маньчжурская семья	Тюркская семья	Чадская семья
К какой ветви относится армянский язык?	1	Армянская ветвь	Нахская ветвь	Индоиранская ветвь	Италийская ветвь	Самодийская ветвь
К какой языковой семье относится грабар (†)?	1	Индоевропейская семья	Тюркская семья	Монгольская семья	Чадская семья	Абхазо-адыгская семья
К какой ветви относится грабар (†)?	1	Армянская ветвь	Алеутская ветвь	Аваро-андийская ветвь	Германская ветвь	Цезская ветвь
К какой языковой семье относится греческий язык?	1	Индоевропейская семья	Берберо-канарская семья	Эскимосско-алеутская семья	Тунгусо-маньчжурская семья	Египетская семья
К какой ветви относится греческий язык?	1	Греческая ветвь	Индоиранская ветвь	Чукотско-корякская ветвь	Финно-угорская ветвь	Аваро-андийская ветвь
К какой языковой семье относится русский язык?	1	Индоевропейская семья	Берберо-канарская семья	Египетская семья	Картвельская семья	Абхазо-адыгская семья
К какой ветви относится русский язык?	1	Балтославянская ветвь	Аваро-андийская ветвь	Нахская ветвь	Италийская ветвь	Цезская ветвь
К какой группе языков относится русский язык?	1	Славянская группа	Оскско-умбрская группа	Индоарийская группа	Иранская группа	Северогерманская (скандинавская) группа
К какой подгруппе языков относится русский язык?	1	Восточнославянские языки	Западнославянские языки	Южнославянские языки	Северославянские языки	Эстонские языки
К какой языковой семье относится белорусский язык?	1	Индоевропейская семья	Юкагирская семья	Тунгусо-маньчжурская семья	Берберо-канарская семья	Кушитская семья
К какой ветви относится белорусский язык?	1	Балтославянская ветвь	Самодийская ветвь	Финно-угорская ветвь	Эскимосская ветвь	Германская ветвь
К какой группе языков относится белорусский язык?	1	Славянская группа	Иранская группа	Западногерманская группа	Восточногерманская группа	Южногерманская группа
К какой подгруппе языков относится белорусский язык?	1	Восточнославянские языки	Западнославянские языки	Южнославянские языки	Северославянские языки	Фризские языки
К какой языковой семье относится украинский язык?	1	Индоевропейская семья	Японо-рюкюская семья	Корейская семья	Египетская семья	Чадская семья
К какой ветви относится украинский язык?	1	Балтославянская ветвь	Украинская ветвь	Армянская ветвь	Аваро-андийская ветвь	Индоиранская ветвь
К какой группе языков относится украинский язык?	1	Славянская группа	Ни к какой, это язык-изолят	Нуристанская группа	Индоарийская группа	Латино-фалискская группа
К какой подгруппе языков относится украинский язык?	1	Восточнославянские языки	Западнославянские языки	Южнославянские языки	Северославянские языки	Мансийские языки
К какой языковой семье относится польский язык?	1	Индоевропейская семья	Тунгусо-маньчжурская семья	Эскимосско-алеутская семья	Семитская семья	Корейская семья
К какой ветви относится польский язык?	1	Балтославянская ветвь	Цезская ветвь	Италийская ветвь	Армянская ветвь	Тохарская ветвь
К какой группе языков относится польский язык?	1	Славянская группа	Западногерманская группа	Восточногерманская группа	Южногерманская группа	Северогерманская (скандинавская) группа
К какой подгруппе языков относится польский язык?	1	Западнославянские языки	Восточнославянские языки	Южнославянские языки	Северославянские языки	Романские языки
К какой языковой семье относится полабский язык (†)?	1	Индоевропейская семья	Семитская семья	Кушитская семья	Дравидийская семья	Египетская семья
К какой ветви относится полабский язык (†)?	1	Балтославянская ветвь	Нахская ветвь	Самодийская ветвь	Анатолийская (хетто-лувийская) ветвь	Финно-угорская ветвь
К какой группе языков относится полабский язык (†)?	1	Славянская группа	Полабская группа	Индоарийская группа	Марийская группа	Иранская группа
К какой подгруппе языков относится полабский язык (†)?	1	Западнославянские языки	Восточнославянские языки	Южнославянские языки	Северославянские языки	Хантыйские языки
К какой языковой семье относится кашубский язык?	1	Индоевропейская семья	Кашубско-рюкюская семьясемья	Чадская семья	Сино-тибетская семья	Енисейская семья
К какой ветви относится кашубский язык?	1	Балтославянская ветвь	Италийская ветвь	Индоиранская ветвь	Нахская ветвь	Греческая ветвь
К какой группе языков относится кашубский язык?	1	Славянская группа	Балтийская группа	Латино-фалискская группа	Индоарийская группа	Саамская группа
К какой подгруппе языков относится кашубский язык?	1	Западнославянские языки	Восточнославянские языки	Южнославянские языки	Северославянские языки	Кашубские языки
К какой языковой семье относится верхнелужицкий язык?	1	Индоевропейская семья	Семитская семья	Берберо-канарская семья	Юкагирская семья	Чадская семья
К какой ветви относится верхнелужицкий язык?	1	Балтославянская ветвь	Верхнелужицкая ветвь	Нахская ветвь	Лезгинская ветвь	Чукотско-корякская ветвь
К какой группе языков относится верхнелужицкий язык?	1	Славянская группа	Мордовская группа	Индоарийская группа	Хеттская группа	Иранская группа
К какой подгруппе языков относится верхнелужицкий язык?	1	Западнославянские языки	Восточнославянские языки	Южнославянские языки	Северославянские языки	Верхнелужицкие языки
К какой языковой семье относится нижнелужицкий язык?	1	Индоевропейская семья	Тунгусо-маньчжурская семья	Нахско-дагестанская семья	Кушитская семья	Чукотско-камчатская семья
К какой ветви относится нижнелужицкий язык?	1	Балтославянская ветвь	Тохарская ветвь	Аваро-андийская ветвь	Лезгинская ветвь	Чукотско-корякская ветвь
К какой группе языков относится нижнелужицкий язык?	1	Славянская группа	Латино-фалискская группа	Северогерманская (скандинавская) группа	Западногерманская группа	Восточногерманская группа
К какой подгруппе языков относится нижнелужицкий язык?	1	Западнославянские языки	Восточнославянские языки	Южнославянские языки	Северославянские языки	Нижнелужицкие языки
К какой языковой семье относится чешский язык?	1	Индоевропейская семья	Сино-тибетская семья	Тюркская семья	Картвельская семья	Чукотско-камчатская семья
К какой ветви относится чешский язык?	1	Балтославянская ветвь	Чукотско-корякская ветвь	Нахская ветвь	Финно-угорская ветвь	Алеутская ветвь
К какой группе языков относится чешский язык?	1	Славянская группа	Пермская группа	Индоарийская группа	Латино-фалискская группа	Западногерманская группа
К какой подгруппе языков относится чешский язык?	1	Западнославянские языки	Восточнославянские языки	Южнославянские языки	Северославянские языки	Китайские языки
К какой языковой семье относится словацкий язык?	1	Индоевропейская семья	Тунгусо-маньчжурская семья	Юкагирская семья	Эскимосско-алеутская семья	Монгольская семья
К какой ветви относится словацкий язык?	1	Балтославянская ветвь	Лезгинская ветвь	Чукотско-корякская ветвь	Кельтская ветвь	Тохарская ветвь
К какой группе языков относится словацкий язык?	1	Славянская группа	Марийская группа	Саамская группа	Мордовская группа	Угорская группа
К какой подгруппе языков относится словацкий язык?	1	Западнославянские языки	Восточнославянские языки	Южнославянские языки	Северославянские языки	Фризские языки
К какой языковой семье относится болгарский язык?	1	Индоевропейская семья	Уральская семья	Тунгусо-маньчжурская семья	Абхазо-адыгская семья	Японо-рюкюская семья
К какой ветви относится болгарский язык?	1	Балтославянская ветвь	Самодийская ветвь	Германская ветвь	Италийская ветвь	Даргинская ветвь
К какой группе языков относится болгарский язык?	1	Славянская группа	Угорская группа	Индоарийская группа	Прибалтийско-финская группа	Латино-фалискская группа
К какой подгруппе языков относится болгарский язык?	1	Южнославянские языки	Западнославянские языки	Восточнославянские языки	Северославянские языки	Болгарские языки
К какой языковой семье относится старославянский язык (†)?	1	Индоевропейская семья	Чадская семья	Юкагирская семья	Кушитская семья	Дравидийская семья
К какой ветви относится старославянский язык (†)?	1	Балтославянская ветвь	Самодийская ветвь	Индоиранская ветвь	Цезская ветвь	Нахская ветвь
К какой группе языков относится старославянский язык (†)?	1	Славянская группа	Старославянская группа	Саамская группа	Балтийская группа	Северогерманская (скандинавская) группа
К какой подгруппе языков относится старославянский язык (†)?	1	Южнославянские языки	Западнославянские языки	Восточнославянские языки	Северославянские языки	Фризские языки
К какой языковой семье относится македонский язык?	1	Индоевропейская семья	Ни к какой, это язык-изолят	Юкагирская семья	Картвельская семья	Дравидийская семья
К какой ветви относится македонский язык?	1	Балтославянская ветвь	Македонская ветвь	Цезская ветвь	Алеутская ветвь	Германская ветвь
К какой группе языков относится македонский язык?	1	Славянская группа	Оскско-умбрская группа	Прибалтийско-финская группа	Индоарийская группа	Саамская группа
К какой подгруппе языков относится македонский язык?	1	Южнославянские языки	Западнославянские языки	Восточнославянские языки	Северославянские языки	Фризские языки
К какой языковой семье относится хорватский язык?	1	Индоевропейская семья	Ни к какой, это язык-изолят	Хорватская семья	Чукотско-камчатская семья	Берберо-канарская семья
К какой ветви относится хорватский язык?	1	Балтославянская ветвь	Хорватская ветвь	Лезгинская ветвь	Эскимосская ветвь	Чукотско-корякская ветвь
К какой группе языков относится хорватский язык?	1	Славянская группа	Хорватская группа	Оскско-умбрская группа	Западногерманская группа	Восточногерманская группа
К какой подгруппе языков относится хорватский язык?	1	Южнославянские языки	Западнославянские языки	Восточнославянские языки	Северославянские языки	Мансийские языки
К какой языковой семье относится боснийский язык?	1	Индоевропейская семья	Енисейская семья	Уральская семья	Омотская семья	Чадская семья
К какой ветви относится боснийский язык?	1	Балтославянская ветвь	Тохарская ветвь	Анатолийская (хетто-лувийская) ветвь	Алеутская ветвь	Германская ветвь
К какой группе языков относится боснийский язык?	1	Славянская группа	Оскско-умбрская группа	Пермская группа	Угорская группа	Латино-фалискская группа
К какой подгруппе языков относится боснийский язык?	1	Южнославянские языки	Западнославянские языки	Восточнославянские языки	Северославянские языки	Селькупские языки
К какой языковой семье относится словенский язык?	1	Индоевропейская семья	Ни к какой, это язык-изолят	Чадская семья	Уральская семья	Тюркская семья
К какой ветви относится словенский язык?	1	Балтославянская ветвь	Тохарская ветвь	Финно-угорская ветвь	Италийская ветвь	Самодийская ветвь
К какой группе языков относится словенский язык?	1	Славянская группа	Пермская группа	Оскско-умбрская группа	Западногерманская группа	Восточногерманская группа
К какой подгруппе языков относится словенский язык?	1	Южнославянские языки	Западнославянские языки	Восточнославянские языки	Северославянские языки	Китайские языки
К какой языковой семье относится сербский язык?	1	Индоевропейская семья	Египетская семья	Семитская семья	Берберо-канарская семья	Чукотско-камчатская семья
К какой ветви относится сербский язык?	1	Балтославянская ветвь	Сербская ветвь	Греческая ветвь	Цезская ветвь	Самодийская ветвь
К какой группе языков относится сербский язык?	1	Славянская группа	Пермская группа	Восточногерманская группа	Западногерманская группа	Южногерманская группа
К какой подгруппе языков относится сербский язык?	1	Южнославянские языки	Западнославянские языки	Восточнославянские языки	Северославянские языки	Селькупские языки
К какой языковой семье относится литовский язык?	1	Индоевропейская семья	Юкагирская семья	Японо-рюкюская семья	Сино-тибетская семья	Семитская семья
К какой ветви относится литовский язык?	1	Балтославянская ветвь	Лезгинская ветвь	Кельтская ветвь	Италийская ветвь	Нахская ветвь
К какой группе языков относится литовский язык?	1	Балтийская группа	Угорская группа	Нуристанская группа	Северогерманская (скандинавская) группа	Западногерманская группа
К какой языковой семье относится латышский язык?	1	Индоевропейская семья	Картвельская семья	Японо-рюкюская семья	Эскимосско-алеутская семья	Монгольская семья
К какой ветви относится латышский язык?	1	Балтославянская ветвь	Италийская ветвь	Нахская ветвь	Эскимосская ветвь	Даргинская ветвь
К какой группе языков относится латышский язык?	1	Балтийская группа	Латышская группа	Западногерманская группа	Восточногерманская группа	Южногерманская группа
К какой языковой семье относится латгальский язык?	1	Индоевропейская семья	Чадская семья	Картвельская семья	Омотская семья	Тюркская семья
К какой ветви относится латгальский язык?	1	Балтославянская ветвь	Лезгинская ветвь	Алеутская ветвь	Индоиранская ветвь	Армянская ветвь
К какой группе языков относится латгальский язык?	1	Балтийская группа	Латгальская группа	Оскско-умбрская группа	Нуристанская группа	Мордовская группа
К какой языковой семье относится прусский язык (†)?	1	Индоевропейская семья	Эскимосско-алеутская семья	Чукотско-камчатская семья	Берберо-канарская семья	Корейская семья
К какой ветви относится прусский язык (†)?	1	Балтославянская ветвь	Нахская ветвь	Чукотско-корякская ветвь	Алеутская ветвь	Тохарская ветвь
К какой группе языков относится прусский язык (†)?	1	Балтийская группа	Прусская группа	Нуристанская группа	Северогерманская (скандинавская) группа	Западногерманская группа
К какой языковой семье относится английский язык?	1	Индоевропейская семья	Египетская семья	Корейская семья	Уральская семья	Кушитская семья
К какой ветви относится английский язык?	1	Германская ветвь	Индоиранская ветвь	Нахская ветвь	Анатолийская (хетто-лувийская) ветвь	Эскимосская ветвь
К какой группе языков относится английский язык?	1	Западногерманская группа	Восточногерманская группа	Южногерманская группа	Северогерманская (скандинавская) группа	Саамская группа
К какой языковой семье относится немецкий язык?	1	Индоевропейская семья	Тунгусо-маньчжурская семья	Чукотско-камчатская семья	Кушитская семья	Корейская семья
К какой ветви относится немецкий язык?	1	Германская ветвь	Даргинская ветвь	Финно-угорская ветвь	Эскимосская ветвь	Греческая ветвь
К какой группе языков относится немецкий язык?	1	Западногерманская группа	Восточногерманская группа	Южногерманская группа	Северогерманская (скандинавская) группа	Оскско-умбрская группа
К какой языковой семье относится идиш?	1	Индоевропейская семья	Семитская семья	Нахско-дагестанская семья	Берберо-канарская семья	Абхазо-адыгская семья
К какой ветви относится идиш?	1	Германская ветвь	Самодийская ветвь	Финно-угорская ветвь	Анатолийская (хетто-лувийская) ветвь	Цезская ветвь
К какой группе языков относится идиш?	1	Западногерманская группа	Восточногерманская группа	Южногерманская группа	Северогерманская (скандинавская) группа	Саамская группа
К какой языковой семье относится голландский (нидерландский) язык?	1	Индоевропейская семья	Чукотско-камчатская семья	Берберо-канарская семья	Семитская семья	Енисейская семья
К какой ветви относится голландский (нидерландский) язык?	1	Германская ветвь	Индоиранская ветвь	Финно-угорская ветвь	Италийская ветвь	Чукотско-корякская ветвь
К какой группе языков относится голландский (нидерландский) язык?	1	Западногерманская группа	Восточногерманская группа	Южногерманская группа	Северогерманская (скандинавская) группа	Славянская группа
К какой языковой семье относится африкаанс?	1	Индоевропейская семья	Дравидийская семья	Берберо-канарская семья	Нахско-дагестанская семья	Тунгусо-маньчжурская семья
К какой ветви относится африкаанс?	1	Германская ветвь	Алеутская ветвь	Чукотско-корякская ветвь	Эскимосская ветвь	Цезская ветвь
К какой группе языков относится африкаанс?	1	Западногерманская группа	Восточногерманская группа	Южногерманская группа	Северогерманская (скандинавская) группа	Балтийская группа
К какой языковой семье относится исландский язык?	1	Индоевропейская семья	Уральская семья	Египетская семья	Семитская семья	Юкагирская семья
К какой ветви относится исландский язык?	1	Германская ветвь	Самодийская ветвь	Финно-угорская ветвь	Греческая ветвь	Алеутская ветвь
К какой группе языков относится исландский язык?	1	Северогерманская (скандинавская) группа	Западногерманская группа	Восточногерманская группа	Южногерманская группа	Угорская группа
К какой языковой семье относится норвежский язык?	1	Индоевропейская семья	Абхазо-адыгская семья	Семитская семья	Японо-рюкюская семья	Сино-тибетская семья
К какой ветви относится норвежский язык?	1	Германская ветвь	Норвежская ветвь	Нахская ветвь	Аваро-андийская ветвь	Лезгинская ветвь
К какой группе языков относится норвежский язык?	1	Северогерманская (скандинавская) группа	Западногерманская группа	Восточногерманская группа	Южногерманская группа	Прибалтийско-финская группа
К какой языковой семье относится шведский язык?	1	Индоевропейская семья	Ни к какой, это язык-изолят	Тюркская семья	Сино-тибетская семья	Корейская семья
К какой ветви относится шведский язык?	1	Германская ветвь	Шведская ветвь	Аваро-андийская ветвь	Анатолийская (хетто-лувийская) ветвь	Алеутская ветвь
К какой группе языков относится шведский язык?	1	Северогерманская (скандинавская) группа	Западногерманская группа	Восточногерманская группа	Южногерманская группа	Оскско-умбрская группа
К какой языковой семье относится датский язык?	1	Индоевропейская семья	Чукотско-камчатская семья	Чадская семья	Монгольская семья	Тюркская семья
К какой ветви относится датский язык?	1	Германская ветвь	Алеутская ветвь	Чукотско-корякская ветвь	Индоиранская ветвь	Даргинская ветвь
К какой группе языков относится датский язык?	1	Северогерманская (скандинавская) группа	Западногерманская группа	Восточногерманская группа	Южногерманская группа	Мордовская группа
К какой языковой семье относится фарерский язык?	1	Индоевропейская семья	Дравидийская семья	Японо-рюкюская семья	Тунгусо-маньчжурская семья	Сино-тибетская семья
К какой ветви относится фарерский язык?	1	Германская ветвь	Ни к какой, это язык-изолят	Фарерская ветвь	Индоиранская ветвь	Греческая ветвь
К какой группе языков относится фарерский язык?	1	Северогерманская (скандинавская) группа	Западногерманская группа	Восточногерманская группа	Южногерманская группа	Иранская группа
К какой языковой семье относится готский язык (†)?	1	Индоевропейская семья	Юкагирская семья	Тюркская семья	Японо-рюкюская семья	Семитская семья
К какой ветви относится готский язык (†)?	1	Германская ветвь	Готская ветвь	Анатолийская (хетто-лувийская) ветвь	Цезская ветвь	Алеутская ветвь
К какой группе языков относится готский язык (†)?	1	Восточногерманская группа	Западногерманская группа	Южногерманская группа	Северогерманская (скандинавская) группа	Балтийская группа
К какой языковой семье относится латинский язык (латынь) (†)?	1	Индоевропейская семья	Омотская семья	Кушитская семья	Юкагирская семья	Дравидийская семья
К какой ветви относится латинский язык (латынь) (†)?	1	Италийская ветвь	Греческая ветвь	Анатолийская (хетто-лувийская) ветвь	Тохарская ветвь	Эскимосская ветвь
К какой группе языков относится латинский язык (латынь) (†)?	1	Латино-фалискская группа	Латинская группа	Оскско-умбрская группа	Нуристанская группа	Марийская группа
К какой языковой семье относится французский язык?	1	Индоевропейская семья	Омотская семья	Японо-рюкюская семья	Сино-тибетская семья	Енисейская семья
К какой ветви относится французский язык?	1	Италийская ветвь	Даргинская ветвь	Тохарская ветвь	Чукотско-корякская ветвь	Германская ветвь
К какой группе языков относится французский язык?	1	Латино-фалискская группа	Французская группа	Хеттская группа	Пермская группа	Северогерманская (скандинавская) группа
К какой подгруппе языков относится французский язык?	1	Романские языки	Карельские языки	Китайские языки	Южнославянские языки	Западнославянские языки
К какой языковой семье относится итальянский язык?	1	Индоевропейская семья	Дравидийская семья	Уральская семья	Чукотско-камчатская семья	Тунгусо-маньчжурская семья
К какой ветви относится итальянский язык?	1	Италийская ветвь	Алеутская ветвь	Лезгинская ветвь	Чукотско-корякская ветвь	Аваро-андийская ветвь
К какой группе языков относится итальянский язык?	1	Латино-фалискская группа	Итальянская группа	Саамская группа	Оскско-умбрская группа	Прибалтийско-финская группа
К какой подгруппе языков относится итальянский язык?	1	Романские языки	Мансийские языки	Эстонские языки	Западнославянские языки	Восточнославянские языки
К какой языковой семье относится португальский язык?	1	Индоевропейская семья	Омотская семья	Корейская семья	Эскимосско-алеутская семья	Чадская семья
К какой ветви относится португальский язык?	1	Италийская ветвь	Португальская ветвь	Армянская ветвь	Эскимосская ветвь	Чукотско-корякская ветвь
К какой группе языков относится португальский язык?	1	Латино-фалискская группа	Балтийская группа	Индоарийская группа	Прибалтийско-финская группа	Марийская группа
К какой подгруппе языков относится португальский язык?	1	Романские языки	Западнославянские языки	Восточнославянские языки	Южнославянские языки	Северославянские языки
К какой языковой семье относится испанский язык?	1	Индоевропейская семья	Омотская семья	Нахско-дагестанская семья	Юкагирская семья	Корейская семья
К какой ветви относится испанский язык?	1	Италийская ветвь	Нахская ветвь	Чукотско-корякская ветвь	Финно-угорская ветвь	Германская ветвь
К какой группе языков относится испанский язык?	1	Латино-фалискская группа	Нуристанская группа	Индоарийская группа	Угорская группа	Прибалтийско-финская группа
К какой подгруппе языков относится испанский язык?	1	Романские языки	Хантыйские языки	Восточнославянские языки	Западнославянские языки	Южнославянские языки
К какой языковой семье относится каталанский язык?	1	Индоевропейская семья	Корейская семья	Картвельская семья	Кушитская семья	Монгольская семья
К какой ветви относится каталанский язык?	1	Италийская ветвь	Балтославянская ветвь	Эскимосская ветвь	Цезская ветвь	Даргинская ветвь
К какой группе языков относится каталанский язык?	1	Латино-фалискская группа	Нуристанская группа	Угорская группа	Западногерманская группа	Восточногерманская группа
К какой подгруппе языков относится каталанский язык?	1	Романские языки	Китайские языки	Хантыйские языки	Фризские языки	Южнославянские языки
К какой языковой семье относится окситанский (провансальский) язык?	1	Индоевропейская семья	Тунгусо-маньчжурская семья	Картвельская семья	Омотская семья	Кушитская семья
К какой ветви относится окситанский (провансальский) язык?	1	Италийская ветвь	Тохарская ветвь	Греческая ветвь	Германская ветвь	Нахская ветвь
К какой группе языков относится окситанский (провансальский) язык?	1	Латино-фалискская группа	Марийская группа	Угорская группа	Восточногерманская группа	Западногерманская группа
К какой подгруппе языков относится окситанский (провансальский) язык?	1	Романские языки	Южнославянские языки	Западнославянские языки	Восточнославянские языки	Северославянские языки
К какой языковой семье относится галисийский язык?	1	Индоевропейская семья	Омотская семья	Монгольская семья	Семитская семья	Эскимосско-алеутская семья
К какой ветви относится галисийский язык?	1	Италийская ветвь	Индоиранская ветвь	Аваро-андийская ветвь	Даргинская ветвь	Эскимосская ветвь
К какой группе языков относится галисийский язык?	1	Латино-фалискская группа	Индоарийская группа	Марийская группа	Славянская группа	Саамская группа
К какой подгруппе языков относится галисийский язык?	1	Романские языки	Хантыйские языки	Мансийские языки	Карельские языки	Восточнославянские языки
К какой языковой семье относится сардинский язык?	1	Индоевропейская семья	Чукотско-камчатская семья	Юкагирская семья	Эскимосско-алеутская семья	Берберо-канарская семья
К какой ветви относится сардинский язык?	1	Италийская ветвь	Сардинская ветвь	Чукотско-корякская ветвь	Анатолийская (хетто-лувийская) ветвь	Тохарская ветвь
К какой группе языков относится сардинский язык?	1	Латино-фалискская группа	Восточногерманская группа	Западногерманская группа	Южногерманская группа	Северогерманская (скандинавская) группа
К какой подгруппе языков относится сардинский язык?	1	Романские языки	Фризские языки	Селькупские языки	Эстонские языки	Западнославянские языки
К какой языковой семье относится сефардский язык?	1	Индоевропейская семья	Нахско-дагестанская семья	Абхазо-адыгская семья	Египетская семья	Картвельская семья
К какой ветви относится сефардский язык?	1	Италийская ветвь	Цезская ветвь	Кельтская ветвь	Даргинская ветвь	Греческая ветвь
К какой группе языков относится сефардский язык?	1	Латино-фалискская группа	Саамская группа	Индоарийская группа	Северогерманская (скандинавская) группа	Западногерманская группа
К какой подгруппе языков относится сефардский язык?	1	Романские языки	Мансийские языки	Южнославянские языки	Западнославянские языки	Восточнославянские языки
К какой языковой семье относится румынский язык?	1	Индоевропейская семья	Абхазо-адыгская семья	Кушитская семья	Японо-рюкюская семья	Чадская семья
К какой ветви относится румынский язык?	1	Италийская ветвь	Армянская ветвь	Германская ветвь	Аваро-андийская ветвь	Греческая ветвь
К какой группе языков относится румынский язык?	1	Латино-фалискская группа	Румынская группа	Западногерманская группа	Восточногерманская группа	Южногерманская группа
К какой подгруппе языков относится румынский язык?	1	Романские языки	Хантыйские языки	Южнославянские языки	Западнославянские языки	Восточнославянские языки
К какой языковой семье относится молдавский язык?	1	Индоевропейская семья	Молдавская семья	Берберо-канарская семья	Египетская семья	Кушитская семья
К какой ветви относится молдавский язык?	1	Италийская ветвь	Кельтская ветвь	Алеутская ветвь	Греческая ветвь	Лезгинская ветвь
К какой группе языков относится молдавский язык?	1	Латино-фалискская группа	Западногерманская группа	Восточногерманская группа	Южногерманская группа	Северогерманская (скандинавская) группа
К какой подгруппе языков относится молдавский язык?	1	Романские языки	Западнославянские языки	Восточнославянские языки	Южнославянские языки	Северославянские языки
К какой языковой семье относятся ретороманские языки?	1	Индоевропейская семья	Енисейская семья	Семитская семья	Корейская семья	Тюркская семья
К какой ветви относятся ретороманские языки?	1	Италийская ветвь	Тохарская ветвь	Чукотско-корякская ветвь	Нахская ветвь	Эскимосская ветвь
К какой группе языков относятся ретороманские языки?	1	Латино-фалискская группа	Индоарийская группа	Славянская группа	Саамская группа	Иранская группа
К какой подгруппе языков относятся ретороманские языки?	1	Романские языки	Эстонские языки	Фризские языки	Хантыйские языки	Западнославянские языки
К какой языковой семье относится ирландский язык?	1	Индоевропейская семья	Енисейская семья	Уральская семья	Омотская семья	Нахско-дагестанская семья
К какой ветви относится ирландский язык?	1	Кельтская ветвь	Самодийская ветвь	Финно-угорская ветвь	Эскимосская ветвь	Цезская ветвь
К какой языковой семье относится шотландский язык?	1	Индоевропейская семья	Шотландская семья	Египетская семья	Кушитская семья	Берберо-канарская семья
К какой ветви относится шотландский язык?	1	Кельтская ветвь	Германская ветвь	Аваро-андийская ветвь	Чукотско-корякская ветвь	Лезгинская ветвь
К какой языковой семье относится валлийский язык?	1	Индоевропейская семья	Ни к какой, это язык-изолят	Тунгусо-маньчжурская семья	Чукотско-камчатская семья	Дравидийская семья
К какой ветви относится валлийский язык?	1	Кельтская ветвь	Валлийская ветвь	Италийская ветвь	Балтославянская ветвь	Германская ветвь
К какой языковой семье относится мэнский язык?	1	Индоевропейская семья	Семитская семья	Японо-рюкюская семья	Енисейская семья	Египетская семья
К какой ветви относится мэнский язык?	1	Кельтская ветвь	Лезгинская ветвь	Армянская ветвь	Италийская ветвь	Аваро-андийская ветвь
К какой языковой семье относится бретонский язык?	1	Индоевропейская семья	Ни к какой, это язык-изолят	Тюркская семья	Омотская семья	Дравидийская семья
К какой ветви относится бретонский язык?	1	Кельтская ветвь	Ни к какой, это язык-изолят	Армянская ветвь	Финно-угорская ветвь	Эскимосская ветвь
К какой языковой семье относится корнский язык?	1	Индоевропейская семья	Японо-рюкюская семья	Монгольская семья	Египетская семья	Картвельская семья
К какой ветви относится корнский язык?	1	Кельтская ветвь	Армянская ветвь	Эскимосская ветвь	Лезгинская ветвь	Чукотско-корякская ветвь
К какой языковой семье относится галльский язык (†)?	1	Индоевропейская семья	Чукотско-камчатская семья	Дравидийская семья	Омотская семья	Семитская семья
К какой ветви относится галльский язык (†)?	1	Кельтская ветвь	Индоиранская ветвь	Лезгинская ветвь	Самодийская ветвь	Финно-угорская ветвь
К какой языковой семье относится тохарский а (†)?	1	Индоевропейская семья	Монгольская семья	Египетская семья	Эскимосско-алеутская семья	Берберо-канарская семья
К какой ветви относится тохарский а (†)?	1	Тохарская ветвь	Цезская ветвь	Чукотско-корякская ветвь	Самодийская ветвь	Нахская ветвь
К какой языковой семье относится тохарский б (†)?	1	Индоевропейская семья	Японо-рюкюская семья	Семитская семья	Картвельская семья	Омотская семья
К какой ветви относится тохарский б (†)?	1	Тохарская ветвь	Даргинская ветвь	Италийская ветвь	Анатолийская (хетто-лувийская) ветвь	Цезская ветвь
К какой языковой семье относится хеттский язык (†)?	1	Индоевропейская семья	Сино-тибетская семья	Эскимосско-алеутская семья	Тунгусо-маньчжурская семья	Египетская семья
К какой ветви относится хеттский язык (†)?	1	Анатолийская (хетто-лувийская) ветвь	Самодийская ветвь	Цезская ветвь	Кельтская ветвь	Аваро-андийская ветвь
К какой группе языков относится хеттский язык (†)?	1	Хеттская группа	Пермская группа	Мордовская группа	Западногерманская группа	Восточногерманская группа
К какой языковой семье относится лезгинский язык?	1	Нахско-дагестанская семья	Кушитская семья	Абхазо-адыгская семья	Эскимосско-алеутская семья	Дравидийская семья
К какой ветви относится лезгинский язык?	1	Лезгинская ветвь	Самодийская ветвь	Армянская ветвь	Италийская ветвь	Цезская ветвь
К какой языковой семье относится агульский язык?	1	Нахско-дагестанская семья	Агульская семья	Картвельская семья	Эскимосско-алеутская семья	Монгольская семья
К какой ветви относится агульский язык?	1	Лезгинская ветвь	Греческая ветвь	Индоиранская ветвь	Цезская ветвь	Кельтская ветвь
К какой языковой семье относится табасаранский язык?	1	Нахско-дагестанская семья	Картвельская семья	Юкагирская семья	Сино-тибетская семья	Енисейская семья
К какой ветви относится табасаранский язык?	1	Лезгинская ветвь	Табасаранская ветвь	Чукотско-корякская ветвь	Тохарская ветвь	Аваро-андийская ветвь
К какой языковой семье относится арчинский язык?	1	Нахско-дагестанская семья	Берберо-канарская семья	Дравидийская семья	Тунгусо-маньчжурская семья	Тюркская семья
К какой ветви относится арчинский язык?	1	Лезгинская ветвь	Арчинская ветвь	Нахская ветвь	Аваро-андийская ветвь	Финно-угорская ветвь
К какой языковой семье относится рутульский язык?	1	Нахско-дагестанская семья	Чукотско-камчатская семья	Юкагирская семья	Индоевропейская семья	Дравидийская семья
К какой ветви относится рутульский язык?	1	Лезгинская ветвь	Финно-угорская ветвь	Даргинская ветвь	Чукотско-корякская ветвь	Кельтская ветвь
К какой языковой семье относится цахурский язык?	1	Нахско-дагестанская семья	Корейская семья	Чукотско-камчатская семья	Уральская семья	Кушитская семья
К какой ветви относится цахурский язык?	1	Лезгинская ветвь	Нахская ветвь	Германская ветвь	Цезская ветвь	Кельтская ветвь
К какой языковой семье относится удинский язык?	1	Нахско-дагестанская семья	Ни к какой, это язык-изолят	Абхазо-адыгская семья	Чукотско-камчатская семья	Чадская семья
К какой ветви относится удинский язык?	1	Лезгинская ветвь	Чукотско-корякская ветвь	Италийская ветвь	Алеутская ветвь	Самодийская ветвь
К какой языковой семье относится будухский язык?	1	Нахско-дагестанская семья	Абхазо-адыгская семья	Семитская семья	Чукотско-камчатская семья	Корейская семья
К какой ветви относится будухский язык?	1	Лезгинская ветвь	Нахская ветвь	Тохарская ветвь	Самодийская ветвь	Алеутская ветвь
К какой языковой семье относится крызский язык?	1	Нахско-дагестанская семья	Юкагирская семья	Японо-рюкюская семья	Чукотско-камчатская семья	Уральская семья
К какой ветви относится крызский язык?	1	Лезгинская ветвь	Крызская ветвь	Аваро-андийская ветвь	Финно-угорская ветвь	Анатолийская (хетто-лувийская) ветвь
К какой языковой семье относится ингушский язык?	1	Нахско-дагестанская семья	Ни к какой, это язык-изолят	Египетская семья	Чадская семья	Эскимосско-алеутская семья
К какой ветви относится ингушский язык?	1	Нахская ветвь	Балтославянская ветвь	Италийская ветвь	Цезская ветвь	Кельтская ветвь
К какой языковой семье относится чеченский язык?	1	Нахско-дагестанская семья	Чеченско-рюкюская семьясемья	Корейская семья	Картвельская семья	Тунгусо-маньчжурская семья
К какой ветви относится чеченский язык?	1	Нахская ветвь	Даргинская ветвь	Эскимосская ветвь	Аваро-андийская ветвь	Анатолийская (хетто-лувийская) ветвь
К какой языковой семье относится бацбийский язык?	1	Нахско-дагестанская семья	Эскимосско-алеутская семья	Японо-рюкюская семья	Уральская семья	Юкагирская семья
К какой ветви относится бацбийский язык?	1	Нахская ветвь	Балтославянская ветвь	Анатолийская (хетто-лувийская) ветвь	Эскимосская ветвь	Цезская ветвь
К какой языковой семье относится акушинский язык?	1	Нахско-дагестанская семья	Юкагирская семья	Кушитская семья	Тюркская семья	Чадская семья
К какой ветви относится акушинский язык?	1	Даргинская ветвь	Греческая ветвь	Алеутская ветвь	Италийская ветвь	Тохарская ветвь
К какой языковой семье относится кубачинский язык?	1	Нахско-дагестанская семья	Картвельская семья	Египетская семья	Японо-рюкюская семья	Дравидийская семья
К какой ветви относится кубачинский язык?	1	Даргинская ветвь	Чукотско-корякская ветвь	Тохарская ветвь	Нахская ветвь	Цезская ветвь
К какой языковой семье относится кайтагский язык?	1	Нахско-дагестанская семья	Кайтагская семья	Уральская семья	Чадская семья	Тюркская семья
К какой ветви относится кайтагский язык?	1	Даргинская ветвь	Анатолийская (хетто-лувийская) ветвь	Финно-угорская ветвь	Лезгинская ветвь	Эскимосская ветвь
К какой языковой семье относится аварский язык?	1	Нахско-дагестанская семья	Эскимосско-алеутская семья	Дравидийская семья	Индоевропейская семья	Корейская семья
К какой ветви относится аварский язык?	1	Аваро-андийская ветвь	Анатолийская (хетто-лувийская) ветвь	Даргинская ветвь	Греческая ветвь	Германская ветвь
К какой языковой семье относится хиналугский язык?	1	Нахско-дагестанская семья	Чукотско-камчатская семья	Сино-тибетская семья	Дравидийская семья	Эскимосско-алеутская семья
К какой языковой семье относится лакский язык?	1	Нахско-дагестанская семья	Монгольская семья	Юкагирская семья	Енисейская семья	Чукотско-камчатская семья
К какой языковой семье относится финский язык?	1	Уральская семья	Финская семья	Индоевропейская семья	Семитская семья	Берберо-канарская семья
К какой ветви относится финский язык?	1	Финно-угорская ветвь	Самодийская ветвь	Индоиранская ветвь	Алеутская ветвь	Кельтская ветвь
К какой группе языков относится финский язык?	1	Прибалтийско-финская группа	Северогерманская (скандинавская) группа	Западногерманская группа	Восточногерманская группа	Южногерманская группа
К какой языковой семье относится вепсский язык?	1	Уральская семья	Чадская семья	Японо-рюкюская семья	Юкагирская семья	Монгольская семья
К какой ветви относится вепсский язык?	1	Финно-угорская ветвь	Чукотско-корякская ветвь	Лезгинская ветвь	Даргинская ветвь	Германская ветвь
К какой группе языков относится вепсский язык?	1	Прибалтийско-финская группа	Индоарийская группа	Нуристанская группа	Марийская группа	Пермская группа
К какой языковой семье относится ижорский язык?	1	Уральская семья	Ижорско-египетская семьясемья	Семитская семья	Тюркская семья	Чадская семья
К какой ветви относится ижорский язык?	1	Финно-угорская ветвь	Эскимосская ветвь	Италийская ветвь	Чукотско-корякская ветвь	Лезгинская ветвь
К какой группе языков относится ижорский язык?	1	Прибалтийско-финская группа	Северогерманская (скандинавская) группа	Западногерманская группа	Восточногерманская группа	Южногерманская группа
К какой языковой семье относится водский язык?	1	Уральская семья	Енисейская семья	Семитская семья	Корейская семья	Сино-тибетская семья
К какой ветви относится водский язык?	1	Финно-угорская ветвь	Водская ветвь	Тохарская ветвь	Чукотско-корякская ветвь	Аваро-андийская ветвь
К какой группе языков относится водский язык?	1	Прибалтийско-финская группа	Саамская группа	Иранская группа	Индоарийская группа	Балтийская группа
К какой языковой семье относится мокшанский язык?	1	Уральская семья	Мокшанско-алеутская семьясемья	Сино-тибетская семья	Египетская семья	Тунгусо-маньчжурская семья
К какой ветви относится мокшанский язык?	1	Финно-угорская ветвь	Германская ветвь	Лезгинская ветвь	Даргинская ветвь	Самодийская ветвь
К какой группе языков относится мокшанский язык?	1	Мордовская группа	Балтийская группа	Индоарийская группа	Западногерманская группа	Восточногерманская группа
К какой языковой семье относится эрзянский язык?	1	Уральская семья	Дравидийская семья	Чукотско-камчатская семья	Эскимосско-алеутская семья	Индоевропейская семья
К какой ветви относится эрзянский язык?	1	Финно-угорская ветвь	Германская ветвь	Армянская ветвь	Самодийская ветвь	Цезская ветвь
К какой группе языков относится эрзянский язык?	1	Мордовская группа	Ни к какой, это язык-изолят	Марийская группа	Хеттская группа	Нуристанская группа
К какой языковой семье относится луговомарийский (лугововосточный марийский) язык?	1	Уральская семья	Марийско-индоевропейская семьясемья	Тюркская семья	Корейская семья	Чадская семья
К какой ветви относится луговомарийский (лугововосточный марийский) язык?	1	Финно-угорская ветвь	Марийская ветвь	Тохарская ветвь	Лезгинская ветвь	Армянская ветвь
К какой группе языков относится луговомарийский (лугововосточный марийский) язык?	1	Марийская группа	Саамская группа	Оскско-умбрская группа	Прибалтийско-финская группа	Индоарийская группа
К какой языковой семье относится горномарийский язык?	1	Уральская семья	Енисейская семья	Юкагирская семья	Кушитская семья	Тюркская семья
К какой ветви относится горномарийский язык?	1	Финно-угорская ветвь	Италийская ветвь	Алеутская ветвь	Греческая ветвь	Индоиранская ветвь
К какой группе языков относится горномарийский язык?	1	Марийская группа	Пермская группа	Балтийская группа	Иранская группа	Мордовская группа
К какой языковой семье относится удмуртский язык?	1	Уральская семья	Эскимосско-алеутская семья	Египетская семья	Чадская семья	Корейская семья
К какой ветви относится удмуртский язык?	1	Финно-угорская ветвь	Удмуртская ветвь	Чукотско-корякская ветвь	Балтославянская ветвь	Нахская ветвь
К какой группе языков относится удмуртский язык?	1	Пермская группа	Иранская группа	Саамская группа	Угорская группа	Западногерманская группа
К какой языковой семье относится коми-зырянский язык?	1	Уральская семья	Корейская семья	Омотская семья	Картвельская семья	Эскимосско-алеутская семья
К какой ветви относится коми-зырянский язык?	1	Финно-угорская ветвь	Зырянская ветвь	Даргинская ветвь	Германская ветвь	Цезская ветвь
К какой группе языков относится коми-зырянский язык?	1	Пермская группа	Ни к какой, это язык-изолят	Зырянская группа	Марийская группа	Иранская группа
К какой языковой семье относится коми-пермяцкий язык?	1	Уральская семья	Египетская семья	Омотская семья	Дравидийская семья	Абхазо-адыгская семья
К какой ветви относится коми-пермяцкий язык?	1	Финно-угорская ветвь	Анатолийская (хетто-лувийская) ветвь	Кельтская ветвь	Чукотско-корякская ветвь	Греческая ветвь
К какой группе языков относится коми-пермяцкий язык?	1	Пермская группа	Иранская группа	Балтийская группа	Нуристанская группа	Северогерманская (скандинавская) группа
К какой языковой семье относится венгерский язык?	1	Уральская семья	Тюркская семья	Чукотско-камчатская семья	Чадская семья	Семитская семья
К какой ветви относится венгерский язык?	1	Финно-угорская ветвь	Венгерская ветвь	Индоиранская ветвь	Нахская ветвь	Балтославянская ветвь
К какой группе языков относится венгерский язык?	1	Угорская группа	Ни к какой, это язык-изолят	Западногерманская группа	Восточногерманская группа	Южногерманская группа
К какой языковой семье относится кильдинский саамский язык?	1	Уральская семья	Саамская семья	Енисейская семья	Кушитская семья	Тунгусо-маньчжурская семья
К какой ветви относится кильдинский саамский язык?	1	Финно-угорская ветвь	Саамская ветвь	Лезгинская ветвь	Кельтская ветвь	Аваро-андийская ветвь
К какой группе языков относится кильдинский саамский язык?	1	Саамская группа	Мордовская группа	Балтийская группа	Восточногерманская группа	Западногерманская группа
К какой языковой семье относится тундровый ненецкий язык?	1	Уральская семья	Ни к какой, это язык-изолят	Кушитская семья	Тунгусо-маньчжурская семья	Енисейская семья
К какой ветви относится тундровый ненецкий язык?	1	Самодийская ветвь	Армянская ветвь	Алеутская ветвь	Тохарская ветвь	Эскимосская ветвь
К какой языковой семье относится лесной ненецкий язык?	1	Уральская семья	Ненецко-уральская семьясемья	Тунгусо-маньчжурская семья	Юкагирская семья	Чадская семья
К какой ветви относится лесной ненецкий язык?	1	Самодийская ветвь	Индоиранская ветвь	Кельтская ветвь	Лезгинская ветвь	Цезская ветвь
К какой языковой семье относится энецкий язык?	1	Уральская семья	Юкагирская семья	Чадская семья	Эскимосско-алеутская семья	Абхазо-адыгская семья
К какой ветви относится энецкий язык?	1	Самодийская ветвь	Кельтская ветвь	Чукотско-корякская ветвь	Цезская ветвь	Индоиранская ветвь
К какой языковой семье относится нганасанский язык?	1	Уральская семья	Египетская семья	Юкагирская семья	Семитская семья	Индоевропейская семья
К какой ветви относится нганасанский язык?	1	Самодийская ветвь	Нганасанская ветвь	Лезгинская ветвь	Индоиранская ветвь	Аваро-андийская ветвь
К какой языковой семье относится чувашский язык?	1	Тюркская семья	Картвельская семья	Японо-рюкюская семья	Эскимосско-алеутская семья	Берберо-канарская семья
К какой языковой семье относится якутский язык?	1	Тюркская семья	Тунгусо-маньчжурская семья	Корейская семья	Монгольская семья	Омотская семья
К какой языковой семье относится тувинский язык?	1	Тюркская семья	Индоевропейская семья	Тунгусо-маньчжурская семья	Эскимосско-алеутская семья	Кушитская семья
К какой языковой семье относится хакасский язык?	1	Тюркская семья	Картвельская семья	Енисейская семья	Сино-тибетская семья	Семитская семья
К какой языковой семье относится башкирский язык?	1	Тюркская семья	Монгольская семья	Индоевропейская семья	Корейская семья	Египетская семья
К какой языковой семье относится кумыкский язык?	1	Тюркская семья	Енисейская семья	Японо-рюкюская семья	Берберо-канарская семья	Корейская семья
К какой языковой семье относится татарский язык?	1	Тюркская семья	Корейская семья	Семитская семья	Чадская семья	Омотская семья
К какой языковой семье относится ногайский язык?	1	Тюркская семья	Семитская семья	Берберо-канарская семья	Юкагирская семья	Чадская семья
К какой языковой семье относится карачаево-балкарский язык?	1	Тюркская семья	Балкарская семья	Уральская семья	Чадская семья	Омотская семья
К какой языковой семье относится караимский язык?	1	Тюркская семья	Тунгусо-маньчжурская семья	Берберо-канарская семья	Енисейская семья	Эскимосско-алеутская семья
К какой языковой семье относится крымско-татарский язык?	1	Тюркская семья	Татарско-камчатская семьясемья	Берберо-канарская семья	Чукотско-камчатская семья	Чадская семья
К какой языковой семье относится каракалпакский язык?	1	Тюркская семья	Египетская семья	Уральская семья	Монгольская семья	Тунгусо-маньчжурская семья
К какой языковой семье относится азербайджанский язык?	1	Тюркская семья	Азербайджанско-канарская семьясемья	Семитская семья	Берберо-канарская семья	Енисейская семья
К какой языковой семье относится гагаузский язык?	1	Тюркская семья	Юкагирская семья	Чукотско-камчатская семья	Семитская семья	Египетская семья
К какой языковой семье относится казахский язык?	1	Тюркская семья	Омотская семья	Сино-тибетская семья	Эскимосско-алеутская семья	Картвельская семья
К какой языковой семье относится турецкий язык?	1	Тюркская семья	Чадская семья	Нахско-дагестанская семья	Енисейская семья	Монгольская семья
К какой языковой семье относится киргизский язык?	1	Тюркская семья	Киргизская семья	Чадская семья	Енисейская семья	Абхазо-адыгская семья
К какой языковой семье относится узбекский язык?	1	Тюркская семья	Картвельская семья	Тунгусо-маньчжурская семья	Сино-тибетская семья	Дравидийская семья
К какой языковой семье относится туркменский язык?	1	Тюркская семья	Чукотско-камчатская семья	Сино-тибетская семья	Кушитская семья	Чадская семья
К какой языковой семье относится уйгурский язык?	1	Тюркская семья	Уйгурско-корейская семьясемья	Кушитская семья	Юкагирская семья	Абхазо-адыгская семья
К какой языковой семье относится монгольский язык?	1	Монгольская семья	Чукотско-камчатская семья	Нахско-дагестанская семья	Берберо-канарская семья	Египетская семья
К какой языковой семье относится бурятский язык?	1	Монгольская семья	Японо-рюкюская семья	Берберо-канарская семья	Нахско-дагестанская семья	Омотская семья
К какой языковой семье относится калмыцкий язык?	1	Монгольская семья	Дравидийская семья	Енисейская семья	Японо-рюкюская семья	Картвельская семья
К какой языковой семье относится эвенкийский язык?	1	Тунгусо-маньчжурская семья	Сино-тибетская семья	Египетская семья	Корейская семья	Енисейская семья
К какой языковой семье относится эвенский язык?	1	Тунгусо-маньчжурская семья	Омотская семья	Японо-рюкюская семья	Эскимосско-алеутская семья	Монгольская семья
К какой языковой семье относится нанайский язык?	1	Тунгусо-маньчжурская семья	Индоевропейская семья	Семитская семья	Кушитская семья	Абхазо-адыгская семья
К какой языковой семье относится негидальский язык?	1	Тунгусо-маньчжурская семья	Японо-рюкюская семья	Омотская семья	Чадская семья	Индоевропейская семья
К какой языковой семье относится удэгейский язык?	1	Тунгусо-маньчжурская семья	Чадская семья	Японо-рюкюская семья	Дравидийская семья	Абхазо-адыгская семья
К какой языковой семье относятся маньчжурский и сибинский языки?	1	Тунгусо-маньчжурская семья	Сибинско-дагестанская семьясемья	Монгольская семья	Уральская семья	Нахско-дагестанская семья
К какой языковой семье относится японский язык?	1	Японо-рюкюская семья	Сино-тибетская семья	Тюркская семья	Уральская семья	Дравидийская семья
К какой языковой семье относится корейский язык?	1	Корейская семья	Эскимосско-алеутская семья	Кушитская семья	Монгольская семья	Японо-рюкюская семья
К какой языковой семье относится кетский язык?	1	Енисейская семья	Нахско-дагестанская семья	Абхазо-адыгская семья	Дравидийская семья	Берберо-канарская семья
К какой языковой семье относится тундренный юкагирский (северноюкагирский) язык?	1	Юкагирская семья	Тюркская семья	Картвельская семья	Омотская семья	Японо-рюкюская семья
К какой языковой семье относится колымский юкагирский (южноюкагирский) язык?	1	Юкагирская семья	Юкагирско-юкагирская семьясемья	Египетская семья	Нахско-дагестанская семья	Енисейская семья
К какой языковой семье относится чукотский язык?	1	Чукотско-камчатская семья	Абхазо-адыгская семья	Кушитская семья	Омотская семья	Тюркская семья
К какой ветви относится чукотский язык?	1	Чукотско-корякская ветвь	Армянская ветвь	Индоиранская ветвь	Анатолийская (хетто-лувийская) ветвь	Аваро-андийская ветвь
К какой языковой семье относится корякский язык?	1	Чукотско-камчатская семья	Кушитская семья	Семитская семья	Енисейская семья	Тунгусо-маньчжурская семья
К какой ветви относится корякский язык?	1	Чукотско-корякская ветвь	Корякская ветвь	Армянская ветвь	Самодийская ветвь	Нахская ветвь
К какой языковой семье относится алюторский язык?	1	Чукотско-камчатская семья	Юкагирская семья	Тюркская семья	Кушитская семья	Абхазо-адыгская семья
К какой ветви относится алюторский язык?	1	Чукотско-корякская ветвь	Анатолийская (хетто-лувийская) ветвь	Италийская ветвь	Эскимосская ветвь	Финно-угорская ветвь
К какой языковой семье относится ительменский язык?	1	Чукотско-камчатская семья	Нахско-дагестанская семья	Кушитская семья	Индоевропейская семья	Тунгусо-маньчжурская семья
К какой языковой семье относится кабардинский язык?	1	Абхазо-адыгская семья	Тунгусо-маньчжурская семья	Сино-тибетская семья	Индоевропейская семья	Японо-рюкюская семья
К какой языковой семье относится адыгейский язык?	1	Абхазо-адыгская семья	Индоевропейская семья	Картвельская семья	Омотская семья	Японо-рюкюская семья
К какой языковой семье относится абхазский язык?	1	Абхазо-адыгская семья	Эскимосско-алеутская семья	Индоевропейская семья	Тунгусо-маньчжурская семья	Семитская семья
К какой языковой семье относится абазинский язык?	1	Абхазо-адыгская семья	Индоевропейская семья	Тюркская семья	Дравидийская семья	Монгольская семья
К какой языковой семье относится убыхский язык (†)?	1	Абхазо-адыгская семья	Уральская семья	Дравидийская семья	Египетская семья	Японо-рюкюская семья
К какой языковой семье относится грузинский язык?	1	Картвельская семья	Кушитская семья	Эскимосско-алеутская семья	Юкагирская семья	Монгольская семья
К какой языковой семье относится сванский язык?	1	Картвельская семья	Сванская семья	Берберо-канарская семья	Корейская семья	Юкагирская семья
К какой языковой семье относится лазский язык?	1	Картвельская семья	Берберо-канарская семья	Чукотско-камчатская семья	Эскимосско-алеутская семья	Омотская семья
К какой языковой семье относится мегрельский язык?	1	Картвельская семья	Японо-рюкюская семья	Эскимосско-алеутская семья	Дравидийская семья	Кушитская семья
К какой языковой семье относится брагуи (брауи)?	1	Дравидийская семья	Японо-рюкюская семья	Египетская семья	Монгольская семья	Юкагирская семья
К какой языковой семье относится телугу?	1	Дравидийская семья	Нахско-дагестанская семья	Сино-тибетская семья	Абхазо-адыгская семья	Омотская семья
К какой языковой семье относится тамильский язык?	1	Дравидийская семья	Тунгусо-маньчжурская семья	Сино-тибетская семья	Юкагирская семья	Картвельская семья
К какой языковой семье относится каннада?	1	Дравидийская семья	Ни к какой, это язык-изолят	Египетская семья	Тунгусо-маньчжурская семья	Енисейская семья
К какой языковой семье относится малаялам?	1	Дравидийская семья	Ни к какой, это язык-изолят	Омотская семья	Эскимосско-алеутская семья	Картвельская семья
Какой из нижеперечисленных языков относится к афразийской макросемье?	1	Коптский язык (†)	Русский язык	Шведский язык	Арчинский язык	Галисийский язык
К какой языковой семье относится коптский язык (†)?	1	Египетская семья	Чадская семья	Енисейская семья	Тюркская семья	Берберо-канарская семья
Какой из нижеперечисленных языков относится к афразийской макросемье?	1	Древнееврейский язык (библейский иврит) (†)	Бацбийский язык	Фарерский язык	Испанский язык	Уйгурский язык
К какой языковой семье относится древнееврейский язык (библейский иврит) (†)?	1	Семитская семья	Корейская семья	Тюркская семья	Кушитская семья	Нахско-дагестанская семья
Какой из нижеперечисленных языков относится к афразийской макросемье?	1	Иврит	Фарерский язык	Африкаанс	Корейский язык	Телугу
К какой языковой семье относится иврит?	1	Семитская семья	Индоевропейская семья	Картвельская семья	Уральская семья	Японо-рюкюская семья
Какой из нижеперечисленных языков относится к афразийской макросемье?	1	Арабский язык	Удэгейский язык	Малаялам	Азербайджанский язык	Горномарийский язык
К какой языковой семье относится арабский язык?	1	Семитская семья	Берберо-канарская семья	Чукотско-камчатская семья	Тюркская семья	Индоевропейская семья
Какой из нижеперечисленных языков относится к афразийской макросемье?	1	Геэз (†)	Кумыкский язык	Шведский язык	Удэгейский язык	Корякский язык
К какой языковой семье относится геэз (†)?	1	Семитская семья	Ни к какой, это язык-изолят	Египетская семья	Кушитская семья	Берберо-канарская семья
Какой из нижеперечисленных языков относится к афразийской макросемье?	1	Амхарский язык	Албанский язык	Удэгейский язык	Хеттский язык (†)	Чешский язык
К какой языковой семье относится амхарский язык?	1	Семитская семья	Абхазо-адыгская семья	Корейская семья	Чадская семья	Тунгусо-маньчжурская семья
Какой из нижеперечисленных языков относится к афразийской макросемье?	1	Тигринья	Румынский язык	Калмыцкий язык	Кабардинский язык	Крызский язык
К какой языковой семье относится тигринья?	1	Семитская семья	Монгольская семья	Тюркская семья	Берберо-канарская семья	Тунгусо-маньчжурская семья
Какой из нижеперечисленных языков относится к афразийской макросемье?	1	Ассирийский новоарамейский язык	Тохарский Б (†)	Чеченский язык	Таджикский язык	Итальянский язык
К какой языковой семье относится ассирийский новоарамейский язык?	1	Семитская семья	Новоарамейско-чадская семьясемья	Тунгусо-маньчжурская семья	Енисейская семья	Индоевропейская семья
Какой из нижеперечисленных языков относится к афразийской макросемье?	1	Сирийский язык (†)	Баскский язык	Убыхский язык (†)	Узбекский язык	Корейский язык
К какой языковой семье относится сирийский язык (†)?	1	Семитская семья	Японо-рюкюская семья	Картвельская семья	Омотская семья	Чадская семья
К какой языковой семье относятся восточнославянские языки?	1	Индоевропейская семья	Нахско-дагестанская семья	Тунгусо-маньчжурская семья	Дравидийская семья	Картвельская семья
К какой ветви относятся восточнославянские языки?	1	Балтославянская ветвь	Цезская ветвь	Алеутская ветвь	Нахская ветвь	Германская ветвь
К какой группе языков относятся восточнославянские языки?	1	Славянская группа	Саамская группа	Оскско-умбрская группа	Северогерманская (скандинавская) группа	Западногерманская группа
К какой языковой семье относятся западнославянские языки?	1	Индоевропейская семья	Картвельская семья	Берберо-канарская семья	Тунгусо-маньчжурская семья	Абхазо-адыгская семья
К какой ветви относятся западнославянские языки?	1	Балтославянская ветвь	Чукотско-корякская ветвь	Финно-угорская ветвь	Кельтская ветвь	Армянская ветвь
К какой группе языков относятся западнославянские языки?	1	Славянская группа	Северогерманская (скандинавская) группа	Западногерманская группа	Восточногерманская группа	Южногерманская группа
К какой языковой семье относятся южнославянские языки?	1	Индоевропейская семья	Египетская семья	Тюркская семья	Тунгусо-маньчжурская семья	Омотская семья
К какой ветви относятся южнославянские языки?	1	Балтославянская ветвь	Лезгинская ветвь	Анатолийская (хетто-лувийская) ветвь	Эскимосская ветвь	Армянская ветвь
К какой группе языков относятся южнославянские языки?	1	Славянская группа	Северогерманская (скандинавская) группа	Западногерманская группа	Восточногерманская группа	Южногерманская группа
К какой языковой семье относятся фризские языки?	1	Индоевропейская семья	Чукотско-камчатская семья	Семитская семья	Египетская семья	Омотская семья
К какой ветви относятся фризские языки?	1	Германская ветвь	Тохарская ветвь	Самодийская ветвь	Нахская ветвь	Аваро-андийская ветвь
К какой группе языков относятся фризские языки?	1	Западногерманская группа	Восточногерманская группа	Южногерманская группа	Северогерманская (скандинавская) группа	Угорская группа
К какой языковой семье относятся *романские языки?	1	Индоевропейская семья	Уральская семья	Египетская семья	Сино-тибетская семья	Омотская семья
К какой ветви относятся *романские языки?	1	Италийская ветвь	Алеутская ветвь	Кельтская ветвь	Финно-угорская ветвь	Лезгинская ветвь
К какой группе языков относятся *романские языки?	1	Латино-фалискская группа	Северогерманская (скандинавская) группа	Западногерманская группа	Восточногерманская группа	Южногерманская группа
К какой языковой семье относятся эстонские языки?	1	Уральская семья	Дравидийская семья	Нахско-дагестанская семья	Берберо-канарская семья	Чукотско-камчатская семья
К какой ветви относятся эстонские языки?	1	Финно-угорская ветвь	Эскимосская ветвь	Самодийская ветвь	Чукотско-корякская ветвь	Тохарская ветвь
К какой группе языков относятся эстонские языки?	1	Прибалтийско-финская группа	Хеттская группа	Славянская группа	Индоарийская группа	Восточногерманская группа
К какой языковой семье относятся карельские языки?	1	Уральская семья	Абхазо-адыгская семья	Сино-тибетская семья	Чадская семья	Индоевропейская семья
К какой ветви относятся карельские языки?	1	Финно-угорская ветвь	Греческая ветвь	Лезгинская ветвь	Германская ветвь	Армянская ветвь
К какой группе языков относятся карельские языки?	1	Прибалтийско-финская группа	Западногерманская группа	Восточногерманская группа	Южногерманская группа	Северогерманская (скандинавская) группа
К какой языковой семье относятся хантыйские языки?	1	Уральская семья	Египетская семья	Енисейская семья	Нахско-дагестанская семья	Семитская семья
К какой ветви относятся хантыйские языки?	1	Финно-угорская ветвь	Лезгинская ветвь	Балтославянская ветвь	Кельтская ветвь	Даргинская ветвь
К какой группе языков относятся хантыйские языки?	1	Угорская группа	Мордовская группа	Индоарийская группа	Оскско-умбрская группа	Хеттская группа
К какой языковой семье относятся мансийские языки?	1	Уральская семья	Нахско-дагестанская семья	Тунгусо-маньчжурская семья	Чукотско-камчатская семья	Юкагирская семья
К какой ветви относятся мансийские языки?	1	Финно-угорская ветвь	Лезгинская ветвь	Чукотско-корякская ветвь	Эскимосская ветвь	Германская ветвь
К какой группе языков относятся мансийские языки?	1	Угорская группа	Нуристанская группа	Оскско-умбрская группа	Восточногерманская группа	Западногерманская группа
К какой языковой семье относятся селькупские языки?	1	Уральская семья	Чукотско-камчатская семья	Семитская семья	Японо-рюкюская семья	Картвельская семья
К какой ветви относятся селькупские языки?	1	Самодийская ветвь	Эскимосская ветвь	Балтославянская ветвь	Кельтская ветвь	Анатолийская (хетто-лувийская) ветвь
К какой языковой семье относятся китайские языки?	1	Сино-тибетская семья	Кушитская семья	Чадская семья	Японо-рюкюская семья	Чукотско-камчатская семья
К какой языковой семье относится иранская группа?	1	Индоевропейская семья	Юкагирская семья	Нахско-дагестанская семья	Тюркская семья	Египетская семья
К какой ветви относится иранская группа?	1	Индоиранская ветвь	Балтославянская ветвь	Цезская ветвь	Нахская ветвь	Лезгинская ветвь
К какой языковой семье относится индоарийская группа?	1	Индоевропейская семья	Индоарийско-алеутская семьясемья	Омотская семья	Японо-рюкюская семья	Монгольская семья
К какой ветви относится индоарийская группа?	1	Индоиранская ветвь	Чукотско-корякская ветвь	Алеутская ветвь	Тохарская ветвь	Армянская ветвь
К какой языковой семье относится нуристанская группа?	1	Индоевропейская семья	Нуристанская семья	Кушитская семья	Корейская семья	Дравидийская семья
К какой ветви относится нуристанская группа?	1	Индоиранская ветвь	Кельтская ветвь	Финно-угорская ветвь	Анатолийская (хетто-лувийская) ветвь	Германская ветвь
К какой языковой семье относится *славянская группа?	1	Индоевропейская семья	Омотская семья	Дравидийская семья	Монгольская семья	Уральская семья
К какой ветви относится *славянская группа?	1	Балтославянская ветвь	Германская ветвь	Италийская ветвь	Цезская ветвь	Тохарская ветвь
К какой языковой семье относится *балтийская группа?	1	Индоевропейская семья	Семитская семья	Сино-тибетская семья	Картвельская семья	Кушитская семья
К какой ветви относится *балтийская группа?	1	Балтославянская ветвь	Германская ветвь	Цезская ветвь	Тохарская ветвь	Даргинская ветвь
К какой языковой семье относится западногерманская группа?	1	Индоевропейская семья	Западногерманская семья	Картвельская семья	Семитская семья	Монгольская семья
К какой ветви относится западногерманская группа?	1	Германская ветвь	Западногерманская ветвь	Самодийская ветвь	Даргинская ветвь	Греческая ветвь
К какой языковой семье относится северогерманская (скандинавская) группа?	1	Индоевропейская семья	Северогерманская семья	Сино-тибетская семья	Омотская семья	Японо-рюкюская семья
К какой ветви относится северогерманская (скандинавская) группа?	1	Германская ветвь	Даргинская ветвь	Самодийская ветвь	Нахская ветвь	Греческая ветвь
К какой языковой семье относится восточногерманская группа?	1	Индоевропейская семья	Монгольская семья	Японо-рюкюская семья	Египетская семья	Тунгусо-маньчжурская семья
К какой ветви относится восточногерманская группа?	1	Германская ветвь	Греческая ветвь	Лезгинская ветвь	Кельтская ветвь	Армянская ветвь
К какой языковой семье относится оскско-умбрская группа?	1	Индоевропейская семья	Умбрская семья	Дравидийская семья	Чукотско-камчатская семья	Картвельская семья
К какой ветви относится оскско-умбрская группа?	1	Италийская ветвь	Умбрская ветвь	Кельтская ветвь	Тохарская ветвь	Нахская ветвь
К какой языковой семье относится латино-фалискская группа?	1	Индоевропейская семья	Эскимосско-алеутская семья	Енисейская семья	Семитская семья	Берберо-канарская семья
К какой ветви относится латино-фалискская группа?	1	Италийская ветвь	Цезская ветвь	Даргинская ветвь	Балтославянская ветвь	Греческая ветвь
К какой языковой семье относится хеттская группа?	1	Индоевропейская семья	Дравидийская семья	Японо-рюкюская семья	Берберо-канарская семья	Корейская семья
К какой ветви относится хеттская группа?	1	Анатолийская (хетто-лувийская) ветвь	Армянская ветвь	Нахская ветвь	Германская ветвь	Самодийская ветвь
К какой языковой семье относится прибалтийско-финская группа?	1	Уральская семья	Финская семья	Кушитская семья	Енисейская семья	Чукотско-камчатская семья
К какой ветви относится прибалтийско-финская группа?	1	Финно-угорская ветвь	Финская ветвь	Алеутская ветвь	Даргинская ветвь	Самодийская ветвь
К какой языковой семье относится мордовская группа?	1	Уральская семья	Мордовская семья	Берберо-канарская семья	Абхазо-адыгская семья	Эскимосско-алеутская семья
К какой ветви относится мордовская группа?	1	Финно-угорская ветвь	Индоиранская ветвь	Лезгинская ветвь	Цезская ветвь	Германская ветвь
К какой языковой семье относится марийская группа?	1	Уральская семья	Абхазо-адыгская семья	Корейская семья	Эскимосско-алеутская семья	Чадская семья
К какой ветви относится марийская группа?	1	Финно-угорская ветвь	Марийская ветвь	Аваро-андийская ветвь	Эскимосская ветвь	Германская ветвь
К какой языковой семье относится пермская группа?	1	Уральская семья	Эскимосско-алеутская семья	Чукотско-камчатская семья	Монгольская семья	Кушитская семья
К какой ветви относится пермская группа?	1	Финно-угорская ветвь	Тохарская ветвь	Греческая ветвь	Нахская ветвь	Армянская ветвь
К какой языковой семье относится угорская группа?	1	Уральская семья	Тюркская семья	Сино-тибетская семья	Тунгусо-маньчжурская семья	Нахско-дагестанская семья
К какой ветви относится угорская группа?	1	Финно-угорская ветвь	Угорская ветвь	Германская ветвь	Кельтская ветвь	Эскимосская ветвь
К какой языковой семье относится саамская группа?	1	Уральская семья	Кушитская семья	Абхазо-адыгская семья	Эскимосско-алеутская семья	Тунгусо-маньчжурская семья
К какой ветви относится саамская группа?	1	Финно-угорская ветвь	Даргинская ветвь	Лезгинская ветвь	Кельтская ветвь	Греческая ветвь
К какой языковой семье относится индоиранская ветвь?	1	Индоевропейская семья	Енисейская семья	Уральская семья	Дравидийская семья	Омотская семья
К какой языковой семье относится армянская ветвь?	1	Индоевропейская семья	Сино-тибетская семья	Берберо-канарская семья	Уральская семья	Абхазо-адыгская семья
К какой языковой семье относится греческая ветвь?	1	Индоевропейская семья	Эскимосско-алеутская семья	Омотская семья	Японо-рюкюская семья	Египетская семья
К какой языковой семье относится балтославянская ветвь?	1	Индоевропейская семья	Сино-тибетская семья	Нахско-дагестанская семья	Кушитская семья	Тюркская семья
К какой языковой семье относится германская ветвь?	1	Индоевропейская семья	Японо-рюкюская семья	Берберо-канарская семья	Уральская семья	Енисейская семья
К какой языковой семье относится италийская ветвь?	1	Индоевропейская семья	Чадская семья	Тюркская семья	Берберо-канарская семья	Египетская семья
К какой языковой семье относится кельтская ветвь?	1	Индоевропейская семья	Корейская семья	Дравидийская семья	Енисейская семья	Юкагирская семья
К какой языковой семье относится тохарская ветвь?	1	Индоевропейская семья	Чукотско-камчатская семья	Абхазо-адыгская семья	Омотская семья	Берберо-канарская семья
К какой языковой семье относится анатолийская (хетто-лувийская) ветвь?	1	Индоевропейская семья	Лувийская семья	Картвельская семья	Эскимосско-алеутская семья	Омотская семья
К какой языковой семье относится лезгинская ветвь?	1	Нахско-дагестанская семья	Дравидийская семья	Чукотско-камчатская семья	Тунгусо-маньчжурская семья	Берберо-канарская семья
К какой языковой семье относится нахская ветвь?	1	Нахско-дагестанская семья	Семитская семья	Енисейская семья	Японо-рюкюская семья	Абхазо-адыгская семья
К какой языковой семье относится даргинская ветвь?	1	Нахско-дагестанская семья	Дравидийская семья	Японо-рюкюская семья	Египетская семья	Сино-тибетская семья
К какой языковой семье относится аваро-андийская ветвь?	1	Нахско-дагестанская семья	Андийская семья	Берберо-канарская семья	Кушитская семья	Картвельская семья
К какой языковой семье относится цезская ветвь?	1	Нахско-дагестанская семья	Берберо-канарская семья	Семитская семья	Тюркская семья	Кушитская семья
К какой языковой семье относится финно-угорская ветвь?	1	Уральская семья	Монгольская семья	Египетская семья	Чукотско-камчатская семья	Омотская семья
К какой языковой семье относится самодийская ветвь?	1	Уральская семья	Индоевропейская семья	Японо-рюкюская семья	Египетская семья	Семитская семья
К какой языковой семье относится чукотско-корякская ветвь?	1	Чукотско-камчатская семья	Корякская семья	Монгольская семья	Нахско-дагестанская семья	Картвельская семья
К какой языковой семье относится эскимосская ветвь?	1	Эскимосско-алеутская семья	Тунгусо-маньчжурская семья	Семитская семья	Тюркская семья	Кушитская семья
К какой языковой семье относится алеутская ветвь?	1	Эскимосско-алеутская семья	Алеутская семья	Монгольская семья	Сино-тибетская семья	Нахско-дагестанская семья
Какая из нижеперечисленных языковых семей относится к афразийской макросемье?	1	Кушитская семья	Дравидийская семья	Уральская семья	Тюркская семья	Тунгусо-маньчжурская семья
Какая из нижеперечисленных языковых семей относится к афразийской макросемье?	1	Берберо-канарская семья	Корейская семья	Тунгусо-маньчжурская семья	Юкагирская семья	Абхазо-адыгская семья
Какая из нижеперечисленных языковых семей относится к афразийской макросемье?	1	Чадская семья	Монгольская семья	Картвельская семья	Тюркская семья	Сино-тибетская семья
Какая из нижеперечисленных языковых семей относится к афразийской макросемье?	1	Омотская семья	Сино-тибетская семья	Чукотско-камчатская семья	Корейская семья	Индоевропейская семья
Какая из нижеперечисленных языковых семей относится к афразийской макросемье?	1	Египетская семья	Японо-рюкюская семья	Юкагирская семья	Тюркская семья	Корейская семья
Какая из нижеперечисленных языковых семей относится к афразийской макросемье?	1	Семитская семья	Эскимосско-алеутская семья	Тюркская семья	Корейская семья	Юкагирская семья
